Source,Author,Title,Description,Content,Published At,URL
Snopes.com,Aleksandra Wrona,The Truth Behind Allegations Louis Vuitton Burns Unsold Merchandise,"Reports allege the company burns unsold items, including its handbags, to preserve the brand's exclusivity and prevent discounts.",Why is there not a rating on this post? There's not enough verified evidence for us to definitively confirm or debunk this rumor. Contact us if you have credible information to share. We'll update th… [+8240 chars],2024-12-24T03:00:00Z,https://www.snopes.com//news/2024/12/23/louis-vuitton-burns-unsold-bags/
Snopes.com,Aleksandra Wrona,No Evidence Louis Vuitton Burns Unsold Handbags,The company was rumored to destroy its unsold stock at the end of each year to preserve its exclusivity and prevent products from being discounted.,Why is there not a rating on this post? There's not enough verified evidence for us to definitively confirm or debunk this rumor. Contact us if you have credible information to share. We'll update th… [+8270 chars],2024-12-20T03:00:00Z,https://www.snopes.com//news/2024/12/20/louis-vuitton-burns-unsold-stock/
Yahoo Entertainment,editorial-team@simplywallst.com (Simply Wall St),Promising Penny Stocks To Consider In January 2025,"As 2024 draws to a close, global markets have experienced a mixed bag of results, with U.S. indices showing moderate gains despite declining consumer...","As 2024 draws to a close, global markets have experienced a mixed bag of results, with U.S. indices showing moderate gains despite declining consumer confidence and manufacturing activity. Amid these… [+4680 chars]",2025-01-03T02:07:34Z,https://finance.yahoo.com/news/promising-penny-stocks-consider-january-020734883.html
The Punch,Dennis Naku,Onne Customs command generates N634bn revenue – Official,"The Nigerian Customs Service, Area 2 Command, Onne in Rivers State said its officials have seized twelve 40-foot containers of medicine illegally imported into the country with a duty paid value of N20.309bn. This is as the Command said it generated N634bn in…","The Nigerian Customs Service, Area 2 Command, Onne in Rivers State said its officials have seized twelve 40-foot containers of medicine illegally imported into the country with a duty paid value of N… [+4887 chars]",2025-01-01T00:04:44Z,https://punchng.com/onne-customs-command-generates-n634bn-revenue-official/
Globalsecurity.org,John Pike,YEAR END REVIEW 2024,"2024 witnessed some path-breaking achievements & breakthroughs as Ministry of Defence (MoD), marched ahead with renewed vigour to make India a strong, secure, self-reliant & prosperous nation, as envisioned by Prime Minister Shri Narendra Modi.","India - Press Information Bureau
Ministry of Defence
 Posted On: 26 DEC 2024 5:48PM by PIB Delhi 
2024 witnessed some path-breaking achievements &amp; breakthroughs as Ministry of Defence (MoD), m… [+121446 chars]",2024-12-27T06:13:26Z,https://www.globalsecurity.org/wmd/library/news/india/2024/india-241226-india-pib01.htm
GlobeNewswire,Introspective Market Research,"Heat Pump Market Projected To Reach USD 147.29 Billion by 2032, Growing at a CAGR of 9.7% from 2024 to 2032 | Introspective Market Research","Heat Pump Market size was valued at USD 64.02 billion in 2023 and is projected to reach USD 147.29 billion by 2032, growing at a CAGR of 9.7% from 2024 to 2032. Heat Pump Market size was valued at USD 64.02 billion in 2023 and is projected to reach USD 147.29…","United Kingdom, Birmingham, Dec. 23, 2024 (GLOBE NEWSWIRE) -- The Heat Pump market is growing due to several factors such as the Increasing Integration of the Internet of Things (IoT) And Other Innov… [+24368 chars]",2024-12-23T11:52:00Z,https://www.globenewswire.com/news-release/2024/12/23/3001102/0/en/Heat-Pump-Market-Projected-To-Reach-USD-147-29-Billion-by-2032-Growing-at-a-CAGR-of-9-7-from-2024-to-2032-Introspective-Market-Research.html
Freerepublic.com,YouTube,The Forgotten Foundational Document: The Articles of Association. [15:21],"The Articles of association were passed on October 20, 1774, two hundred fifty years ago. While often overlooked, they are both a critical part of the story, and a window into the colonial mind, that would eventually lead into open rebellion.The Forgotten Fou…","Skip to comments.
The Forgotten Foundational Document: The Articles of Association. [15:21]YouTube ^
 | October 21, 2024
 | The History Guy: History Deserves to Be Remembered
Posted on 12/30/2024… [+34890 chars]",2024-12-30T13:52:48Z,https://freerepublic.com/focus/f-chat/4287116/posts
Thefreedictionary.com,,The Song Dynasty,"The first government in history to issue paper money, the Song dynasty was the ruling dynasty in China between 960 and 1279. A culturally rich period for the arts, philosophy, and social life, the dynasty also bolstered naval strength and developed revolution…","The Song dynasty (Chinese: 宋朝; pinyin: Sòng cháo; 960–1279) was an era of Chinese history that began in 960 and continued until 1279. It succeeded the Five Dynasties and Ten Kingdoms period, coincide… [+78709 chars]",2024-12-24T05:00:00Z,https://encyclopedia.thefreedictionary.com/Song+Dynasty
Plos.org,"Md. Tariqul Islam Imran, Chitra Lekha Karmaker, Rubayet Karim, S. M. Misbauddin, A. B. M. Mainul Bari, Asif Raihan",Modeling the supply chain sustainability imperatives in the fashion retail industry: Implications for sustainable development,"The resilience of established business strategies has been tested in the wake of recent global supply chain upheavals triggered by events like the COVID-19 pandemic, Russia-Ukraine combat, Hamas-Israel war, and other geopolitical conflicts. Organizations are …","Abstract
The resilience of established business strategies has been tested in the wake of recent global supply chain upheavals triggered by events like the COVID-19 pandemic, Russia-Ukraine combat, … [+83647 chars]",2024-12-31T14:00:00Z,https://journals.plos.org/plosone/article?id=10.1371/journal.pone.0312671
Khabarhub.com,Khabarhub,Smuggling up in absence of uniformed customs evaluation systems between Nepal and India,"PARSA: Smuggling has continued to rise in lack of enforcement of uniformed tax systems between Nepal and India. Though the sovereign countries have their separate modus operandi of state governance, the tax system with identical nature was appropriate for pre…","PARSA: Smuggling has continued to rise in lack of enforcement of uniformed tax systems between Nepal and India.
Though the sovereign countries have their separate modus operandi of state governance,… [+1488 chars]",2024-12-11T05:45:40Z,https://english.khabarhub.com/2024/11/418596/
